1, https://s3-us-west-1.amazonaws.com/homesnap/exterior/h1.jpg, 1, 1, ''
2, https://s3-us-west-1.amazonaws.com/homesnap/bedroom/b7.jpg, 1, 2, Clean ~
3, https://s3-us-west-1.amazonaws.com/homesnap/kitchen/k10.jpg, 1, 3, 
4, https://s3-us-west-1.amazonaws.com/homesnap/dining/d9.jpg, 1, 4, New fixtures !
5, https://s3-us-west-1.amazonaws.com/homesnap/dining/d6.jpg, 1, 5, Tidy ~
6, https://s3-us-west-1.amazonaws.com/homesnap/outer/o6.jpg, 1, 6, Spacious ~~
7, https://s3-us-west-1.amazonaws.com/homesnap/exterior/h2.jpg, 2, 1, ''
8, https://s3-us-west-1.amazonaws.com/homesnap/bedroom/b3.jpg, 2, 2, Recently renovated !
9, https://s3-us-west-1.amazonaws.com/homesnap/kitchen/k1.jpg, 2, 3, Bright
10, https://s3-us-west-1.amazonaws.com/homesnap/dining/d2.jpg, 2, 4, Clean ~
11, https://s3-us-west-1.amazonaws.com/homesnap/dining/d10.jpg, 2, 5, Pet-friendly ~
12, https://s3-us-west-1.amazonaws.com/homesnap/outer/o2.jpg, 2, 6, Clean ~
13, https://s3-us-west-1.amazonaws.com/homesnap/exterior/h3.jpg, 3, 1, ''
14, https://s3-us-west-1.amazonaws.com/homesnap/bedroom/b1.jpg, 3, 2, Tidy ~
15, https://s3-us-west-1.amazonaws.com/homesnap/bedroom/b4.jpg, 3, 3, Recently renovated !
16, https://s3-us-west-1.amazonaws.com/homesnap/kitchen/k1.jpg, 3, 4, Pet-friendly ~
17, https://s3-us-west-1.amazonaws.com/homesnap/dining/d9.jpg, 3, 5, Brand new !
18, https://s3-us-west-1.amazonaws.com/homesnap/dining/d2.jpg, 3, 6, Brand new !
19, https://s3-us-west-1.amazonaws.com/homesnap/outer/o2.jpg, 3, 7, Original
20, https://s3-us-west-1.amazonaws.com/homesnap/exterior/h4.jpg, 4, 1, ''
21, https://s3-us-west-1.amazonaws.com/homesnap/bedroom/b1.jpg, 4, 2, Clean ~
22, https://s3-us-west-1.amazonaws.com/homesnap/kitchen/k6.jpg, 4, 3, New fixtures !
23, https://s3-us-west-1.amazonaws.com/homesnap/dining/d10.jpg, 4, 4, Spacious ~~
24, https://s3-us-west-1.amazonaws.com/homesnap/dining/d10.jpg, 4, 5, Comfort at its best
25, https://s3-us-west-1.amazonaws.com/homesnap/outer/o1.jpg, 4, 6, 
26, https://s3-us-west-1.amazonaws.com/homesnap/exterior/h5.jpg, 5, 1, ''
27, https://s3-us-west-1.amazonaws.com/homesnap/bedroom/b3.jpg, 5, 2, Brand new !
28, https://s3-us-west-1.amazonaws.com/homesnap/bedroom/b9.jpg, 5, 3, Just like home =)
29, https://s3-us-west-1.amazonaws.com/homesnap/kitchen/k10.jpg, 5, 4, Just like home =)
30, https://s3-us-west-1.amazonaws.com/homesnap/dining/d2.jpg, 5, 5, Just like home =)
31, https://s3-us-west-1.amazonaws.com/homesnap/dining/d3.jpg, 5, 6, Air-conditioned
32, https://s3-us-west-1.amazonaws.com/homesnap/outer/o6.jpg, 5, 7, Tidy ~
33, https://s3-us-west-1.amazonaws.com/homesnap/exterior/h6.jpg, 6, 1, ''
34, https://s3-us-west-1.amazonaws.com/homesnap/bedroom/b1.jpg, 6, 2, Bright
35, https://s3-us-west-1.amazonaws.com/homesnap/kitchen/k1.jpg, 6, 3, Air-conditioned
36, https://s3-us-west-1.amazonaws.com/homesnap/dining/d6.jpg, 6, 4, Spacious ~~
37, https://s3-us-west-1.amazonaws.com/homesnap/outer/o9.jpg, 6, 5, Recently renovated !
38, https://s3-us-west-1.amazonaws.com/homesnap/exterior/h7.jpg, 7, 1, ''
39, https://s3-us-west-1.amazonaws.com/homesnap/bedroom/b10.jpg, 7, 2, 
40, https://s3-us-west-1.amazonaws.com/homesnap/kitchen/k10.jpg, 7, 3, 
41, https://s3-us-west-1.amazonaws.com/homesnap/dining/d9.jpg, 7, 4, The perfect getaway =)
42, https://s3-us-west-1.amazonaws.com/homesnap/dining/d2.jpg, 7, 5, Bright
43, https://s3-us-west-1.amazonaws.com/homesnap/outer/o9.jpg, 7, 6, Brand new !
44, https://s3-us-west-1.amazonaws.com/homesnap/exterior/h8.jpg, 8, 1, ''
45, https://s3-us-west-1.amazonaws.com/homesnap/bedroom/b6.jpg, 8, 2, Original
46, https://s3-us-west-1.amazonaws.com/homesnap/bedroom/b4.jpg, 8, 3, Bright
47, https://s3-us-west-1.amazonaws.com/homesnap/kitchen/k9.jpg, 8, 4, New fixtures !
48, https://s3-us-west-1.amazonaws.com/homesnap/dining/d4.jpg, 8, 5, Brand new !
49, https://s3-us-west-1.amazonaws.com/homesnap/outer/o9.jpg, 8, 6, Clean ~
50, https://s3-us-west-1.amazonaws.com/homesnap/exterior/h9.jpg, 9, 1, ''
51, https://s3-us-west-1.amazonaws.com/homesnap/bedroom/b1.jpg, 9, 2, Just like home =)
52, https://s3-us-west-1.amazonaws.com/homesnap/kitchen/k2.jpg, 9, 3, Spacious ~~
53, https://s3-us-west-1.amazonaws.com/homesnap/dining/d7.jpg, 9, 4, Clean ~
54, https://s3-us-west-1.amazonaws.com/homesnap/dining/d2.jpg, 9, 5, Original
55, https://s3-us-west-1.amazonaws.com/homesnap/outer/o6.jpg, 9, 6, Just like home =)
56, https://s3-us-west-1.amazonaws.com/homesnap/exterior/h10.jpg, 10, 1, ''
57, https://s3-us-west-1.amazonaws.com/homesnap/bedroom/b6.jpg, 10, 2, Tidy ~
58, https://s3-us-west-1.amazonaws.com/homesnap/bedroom/b1.jpg, 10, 3, Air-conditioned
59, https://s3-us-west-1.amazonaws.com/homesnap/kitchen/k3.jpg, 10, 4, Spacious ~~
60, https://s3-us-west-1.amazonaws.com/homesnap/dining/d5.jpg, 10, 5, Recently renovated !
61, https://s3-us-west-1.amazonaws.com/homesnap/outer/o3.jpg, 10, 6, 
62, https://s3-us-west-1.amazonaws.com/homesnap/exterior/h11.jpg, 11, 1, ''
63, https://s3-us-west-1.amazonaws.com/homesnap/bedroom/b9.jpg, 11, 2, Brand new !
64, https://s3-us-west-1.amazonaws.com/homesnap/bedroom/b3.jpg, 11, 3, New fixtures !
65, https://s3-us-west-1.amazonaws.com/homesnap/kitchen/k7.jpg, 11, 4, Brand new !
66, https://s3-us-west-1.amazonaws.com/homesnap/dining/d6.jpg, 11, 5, Original
67, https://s3-us-west-1.amazonaws.com/homesnap/outer/o5.jpg, 11, 6, Pet-friendly ~
68, https://s3-us-west-1.amazonaws.com/homesnap/exterior/h12.jpg, 12, 1, ''
69, https://s3-us-west-1.amazonaws.com/homesnap/bedroom/b5.jpg, 12, 2, Clean ~
70, https://s3-us-west-1.amazonaws.com/homesnap/kitchen/k9.jpg, 12, 3, Pet-friendly ~
71, https://s3-us-west-1.amazonaws.com/homesnap/dining/d9.jpg, 12, 4, Just like home =)
72, https://s3-us-west-1.amazonaws.com/homesnap/outer/o1.jpg, 12, 5, 
73, https://s3-us-west-1.amazonaws.com/homesnap/exterior/h13.jpg, 13, 1, ''
74, https://s3-us-west-1.amazonaws.com/homesnap/bedroom/b6.jpg, 13, 2, Spacious ~~
75, https://s3-us-west-1.amazonaws.com/homesnap/kitchen/k5.jpg, 13, 3, Bright
76, https://s3-us-west-1.amazonaws.com/homesnap/dining/d6.jpg, 13, 4, Pet-friendly ~
77, https://s3-us-west-1.amazonaws.com/homesnap/dining/d6.jpg, 13, 5, Comfort at its best
78, https://s3-us-west-1.amazonaws.com/homesnap/outer/o2.jpg, 13, 6, Air-conditioned
79, https://s3-us-west-1.amazonaws.com/homesnap/exterior/h14.jpg, 14, 1, ''
80, https://s3-us-west-1.amazonaws.com/homesnap/bedroom/b7.jpg, 14, 2, Spacious ~~
81, https://s3-us-west-1.amazonaws.com/homesnap/bedroom/b2.jpg, 14, 3, Comfort at its best
82, https://s3-us-west-1.amazonaws.com/homesnap/kitchen/k8.jpg, 14, 4, New fixtures !
83, https://s3-us-west-1.amazonaws.com/homesnap/dining/d4.jpg, 14, 5, Clean ~
84, https://s3-us-west-1.amazonaws.com/homesnap/dining/d2.jpg, 14, 6, Tidy ~
85, https://s3-us-west-1.amazonaws.com/homesnap/outer/o1.jpg, 14, 7, Comfort at its best
86, https://s3-us-west-1.amazonaws.com/homesnap/exterior/h15.jpg, 15, 1, ''
87, https://s3-us-west-1.amazonaws.com/homesnap/bedroom/b5.jpg, 15, 2, Clean ~
88, https://s3-us-west-1.amazonaws.com/homesnap/bedroom/b1.jpg, 15, 3, Bright
89, https://s3-us-west-1.amazonaws.com/homesnap/kitchen/k8.jpg, 15, 4, Just like home =)
90, https://s3-us-west-1.amazonaws.com/homesnap/dining/d5.jpg, 15, 5, Just like home =)
91, https://s3-us-west-1.amazonaws.com/homesnap/outer/o1.jpg, 15, 6, The perfect getaway =)
92, https://s3-us-west-1.amazonaws.com/homesnap/exterior/h16.jpg, 16, 1, ''
93, https://s3-us-west-1.amazonaws.com/homesnap/bedroom/b9.jpg, 16, 2, Just like home =)
94, https://s3-us-west-1.amazonaws.com/homesnap/kitchen/k8.jpg, 16, 3, Sunny
95, https://s3-us-west-1.amazonaws.com/homesnap/dining/d4.jpg, 16, 4, Clean ~
96, https://s3-us-west-1.amazonaws.com/homesnap/dining/d5.jpg, 16, 5, 
97, https://s3-us-west-1.amazonaws.com/homesnap/outer/o8.jpg, 16, 6, New fixtures !
98, https://s3-us-west-1.amazonaws.com/homesnap/exterior/h17.jpg, 17, 1, ''
99, https://s3-us-west-1.amazonaws.com/homesnap/bedroom/b9.jpg, 17, 2, Just like home =)
100, https://s3-us-west-1.amazonaws.com/homesnap/bedroom/b6.jpg, 17, 3, Tidy ~
101, https://s3-us-west-1.amazonaws.com/homesnap/kitchen/k6.jpg, 17, 4, Brand new !
102, https://s3-us-west-1.amazonaws.com/homesnap/dining/d8.jpg, 17, 5, Clean ~
103, https://s3-us-west-1.amazonaws.com/homesnap/dining/d9.jpg, 17, 6, Spacious ~~
104, https://s3-us-west-1.amazonaws.com/homesnap/outer/o9.jpg, 17, 7, Tidy ~
105, https://s3-us-west-1.amazonaws.com/homesnap/exterior/h18.jpg, 18, 1, ''
106, https://s3-us-west-1.amazonaws.com/homesnap/bedroom/b3.jpg, 18, 2, Just like home =)
107, https://s3-us-west-1.amazonaws.com/homesnap/bedroom/b7.jpg, 18, 3, Air-conditioned
108, https://s3-us-west-1.amazonaws.com/homesnap/kitchen/k6.jpg, 18, 4, Bright
109, https://s3-us-west-1.amazonaws.com/homesnap/dining/d3.jpg, 18, 5, Just like home =)
110, https://s3-us-west-1.amazonaws.com/homesnap/outer/o7.jpg, 18, 6, 
111, https://s3-us-west-1.amazonaws.com/homesnap/exterior/h19.jpg, 19, 1, ''
112, https://s3-us-west-1.amazonaws.com/homesnap/bedroom/b9.jpg, 19, 2, Original
113, https://s3-us-west-1.amazonaws.com/homesnap/kitchen/k9.jpg, 19, 3, The perfect getaway =)
114, https://s3-us-west-1.amazonaws.com/homesnap/dining/d6.jpg, 19, 4, Spacious ~~
115, https://s3-us-west-1.amazonaws.com/homesnap/outer/o10.jpg, 19, 5, Comfort at its best
116, https://s3-us-west-1.amazonaws.com/homesnap/exterior/h20.jpg, 20, 1, ''
117, https://s3-us-west-1.amazonaws.com/homesnap/bedroom/b9.jpg, 20, 2, Brand new !
118, https://s3-us-west-1.amazonaws.com/homesnap/kitchen/k10.jpg, 20, 3, Original
119, https://s3-us-west-1.amazonaws.com/homesnap/dining/d9.jpg, 20, 4, Comfort at its best
120, https://s3-us-west-1.amazonaws.com/homesnap/outer/o5.jpg, 20, 5, 
121, https://s3-us-west-1.amazonaws.com/homesnap/exterior/h21.jpg, 21, 1, ''
122, https://s3-us-west-1.amazonaws.com/homesnap/bedroom/b6.jpg, 21, 2, 
123, https://s3-us-west-1.amazonaws.com/homesnap/bedroom/b2.jpg, 21, 3, Original
124, https://s3-us-west-1.amazonaws.com/homesnap/kitchen/k3.jpg, 21, 4, Tidy ~
125, https://s3-us-west-1.amazonaws.com/homesnap/dining/d5.jpg, 21, 5, The perfect getaway =)
126, https://s3-us-west-1.amazonaws.com/homesnap/dining/d6.jpg, 21, 6, Bright
127, https://s3-us-west-1.amazonaws.com/homesnap/outer/o7.jpg, 21, 7, Sunny
128, https://s3-us-west-1.amazonaws.com/homesnap/exterior/h22.jpg, 22, 1, ''
129, https://s3-us-west-1.amazonaws.com/homesnap/bedroom/b4.jpg, 22, 2, 
130, https://s3-us-west-1.amazonaws.com/homesnap/kitchen/k10.jpg, 22, 3, Original
131, https://s3-us-west-1.amazonaws.com/homesnap/dining/d10.jpg, 22, 4, Original
132, https://s3-us-west-1.amazonaws.com/homesnap/dining/d5.jpg, 22, 5, Just like home =)
133, https://s3-us-west-1.amazonaws.com/homesnap/outer/o1.jpg, 22, 6, The perfect getaway =)
134, https://s3-us-west-1.amazonaws.com/homesnap/exterior/h23.jpg, 23, 1, ''
135, https://s3-us-west-1.amazonaws.com/homesnap/bedroom/b9.jpg, 23, 2, Comfort at its best
136, https://s3-us-west-1.amazonaws.com/homesnap/bedroom/b2.jpg, 23, 3, Bright
137, https://s3-us-west-1.amazonaws.com/homesnap/kitchen/k4.jpg, 23, 4, New fixtures !
138, https://s3-us-west-1.amazonaws.com/homesnap/dining/d4.jpg, 23, 5, Comfort at its best
139, https://s3-us-west-1.amazonaws.com/homesnap/dining/d4.jpg, 23, 6, New fixtures !
140, https://s3-us-west-1.amazonaws.com/homesnap/outer/o7.jpg, 23, 7, Comfort at its best
141, https://s3-us-west-1.amazonaws.com/homesnap/exterior/h24.jpg, 24, 1, ''
142, https://s3-us-west-1.amazonaws.com/homesnap/bedroom/b10.jpg, 24, 2, Clean ~
143, https://s3-us-west-1.amazonaws.com/homesnap/bedroom/b9.jpg, 24, 3, Bright
144, https://s3-us-west-1.amazonaws.com/homesnap/kitchen/k2.jpg, 24, 4, Pet-friendly ~
145, https://s3-us-west-1.amazonaws.com/homesnap/dining/d2.jpg, 24, 5, Air-conditioned
146, https://s3-us-west-1.amazonaws.com/homesnap/dining/d3.jpg, 24, 6, Recently renovated !
147, https://s3-us-west-1.amazonaws.com/homesnap/outer/o1.jpg, 24, 7, Air-conditioned
148, https://s3-us-west-1.amazonaws.com/homesnap/exterior/h25.jpg, 25, 1, ''
149, https://s3-us-west-1.amazonaws.com/homesnap/bedroom/b10.jpg, 25, 2, Clean ~
150, https://s3-us-west-1.amazonaws.com/homesnap/kitchen/k6.jpg, 25, 3, Sunny
151, https://s3-us-west-1.amazonaws.com/homesnap/dining/d2.jpg, 25, 4, New fixtures !
152, https://s3-us-west-1.amazonaws.com/homesnap/outer/o1.jpg, 25, 5, The perfect getaway =)
153, https://s3-us-west-1.amazonaws.com/homesnap/exterior/h26.jpg, 26, 1, ''
154, https://s3-us-west-1.amazonaws.com/homesnap/bedroom/b3.jpg, 26, 2, Air-conditioned
155, https://s3-us-west-1.amazonaws.com/homesnap/kitchen/k10.jpg, 26, 3, The perfect getaway =)
156, https://s3-us-west-1.amazonaws.com/homesnap/dining/d2.jpg, 26, 4, Clean ~
157, https://s3-us-west-1.amazonaws.com/homesnap/dining/d8.jpg, 26, 5, Spacious ~~
158, https://s3-us-west-1.amazonaws.com/homesnap/outer/o7.jpg, 26, 6, 
159, https://s3-us-west-1.amazonaws.com/homesnap/exterior/h27.jpg, 27, 1, ''
160, https://s3-us-west-1.amazonaws.com/homesnap/bedroom/b8.jpg, 27, 2, 
161, https://s3-us-west-1.amazonaws.com/homesnap/kitchen/k8.jpg, 27, 3, Pet-friendly ~
162, https://s3-us-west-1.amazonaws.com/homesnap/dining/d5.jpg, 27, 4, The perfect getaway =)
163, https://s3-us-west-1.amazonaws.com/homesnap/dining/d9.jpg, 27, 5, Brand new !
164, https://s3-us-west-1.amazonaws.com/homesnap/outer/o2.jpg, 27, 6, New fixtures !
165, https://s3-us-west-1.amazonaws.com/homesnap/exterior/h28.jpg, 28, 1, ''
166, https://s3-us-west-1.amazonaws.com/homesnap/bedroom/b6.jpg, 28, 2, Just like home =)
167, https://s3-us-west-1.amazonaws.com/homesnap/bedroom/b9.jpg, 28, 3, Recently renovated !
168, https://s3-us-west-1.amazonaws.com/homesnap/kitchen/k8.jpg, 28, 4, Bright
169, https://s3-us-west-1.amazonaws.com/homesnap/dining/d6.jpg, 28, 5, New fixtures !
170, https://s3-us-west-1.amazonaws.com/homesnap/outer/o8.jpg, 28, 6, Original
171, https://s3-us-west-1.amazonaws.com/homesnap/exterior/h29.jpg, 29, 1, ''
172, https://s3-us-west-1.amazonaws.com/homesnap/bedroom/b6.jpg, 29, 2, Recently renovated !
173, https://s3-us-west-1.amazonaws.com/homesnap/kitchen/k10.jpg, 29, 3, Comfort at its best
174, https://s3-us-west-1.amazonaws.com/homesnap/dining/d2.jpg, 29, 4, Tidy ~
175, https://s3-us-west-1.amazonaws.com/homesnap/outer/o6.jpg, 29, 5, Clean ~
176, https://s3-us-west-1.amazonaws.com/homesnap/exterior/h30.jpg, 30, 1, ''
177, https://s3-us-west-1.amazonaws.com/homesnap/bedroom/b4.jpg, 30, 2, Original
178, https://s3-us-west-1.amazonaws.com/homesnap/bedroom/b2.jpg, 30, 3, Air-conditioned
179, https://s3-us-west-1.amazonaws.com/homesnap/kitchen/k4.jpg, 30, 4, Clean ~
180, https://s3-us-west-1.amazonaws.com/homesnap/dining/d10.jpg, 30, 5, Air-conditioned
181, https://s3-us-west-1.amazonaws.com/homesnap/outer/o9.jpg, 30, 6, Clean ~
182, https://s3-us-west-1.amazonaws.com/homesnap/exterior/h31.jpg, 31, 1, ''
183, https://s3-us-west-1.amazonaws.com/homesnap/bedroom/b9.jpg, 31, 2, 
184, https://s3-us-west-1.amazonaws.com/homesnap/bedroom/b2.jpg, 31, 3, The perfect getaway =)
185, https://s3-us-west-1.amazonaws.com/homesnap/kitchen/k10.jpg, 31, 4, Brand new !
186, https://s3-us-west-1.amazonaws.com/homesnap/dining/d10.jpg, 31, 5, Spacious ~~
187, https://s3-us-west-1.amazonaws.com/homesnap/outer/o7.jpg, 31, 6, Just like home =)
188, https://s3-us-west-1.amazonaws.com/homesnap/exterior/h32.jpg, 32, 1, ''
189, https://s3-us-west-1.amazonaws.com/homesnap/bedroom/b9.jpg, 32, 2, Sunny
190, https://s3-us-west-1.amazonaws.com/homesnap/kitchen/k3.jpg, 32, 3, Bright
191, https://s3-us-west-1.amazonaws.com/homesnap/dining/d8.jpg, 32, 4, Pet-friendly ~
192, https://s3-us-west-1.amazonaws.com/homesnap/outer/o1.jpg, 32, 5, Tidy ~
193, https://s3-us-west-1.amazonaws.com/homesnap/exterior/h33.jpg, 33, 1, ''
194, https://s3-us-west-1.amazonaws.com/homesnap/bedroom/b2.jpg, 33, 2, New fixtures !
195, https://s3-us-west-1.amazonaws.com/homesnap/kitchen/k4.jpg, 33, 3, Brand new !
196, https://s3-us-west-1.amazonaws.com/homesnap/dining/d1.jpg, 33, 4, Sunny
197, https://s3-us-west-1.amazonaws.com/homesnap/outer/o2.jpg, 33, 5, New fixtures !
198, https://s3-us-west-1.amazonaws.com/homesnap/exterior/h34.jpg, 34, 1, ''
199, https://s3-us-west-1.amazonaws.com/homesnap/bedroom/b8.jpg, 34, 2, Tidy ~
200, https://s3-us-west-1.amazonaws.com/homesnap/bedroom/b10.jpg, 34, 3, Original
201, https://s3-us-west-1.amazonaws.com/homesnap/kitchen/k5.jpg, 34, 4, Comfort at its best
202, https://s3-us-west-1.amazonaws.com/homesnap/dining/d8.jpg, 34, 5, Just like home =)
203, https://s3-us-west-1.amazonaws.com/homesnap/dining/d1.jpg, 34, 6, Recently renovated !
204, https://s3-us-west-1.amazonaws.com/homesnap/outer/o1.jpg, 34, 7, Air-conditioned
205, https://s3-us-west-1.amazonaws.com/homesnap/exterior/h35.jpg, 35, 1, ''
206, https://s3-us-west-1.amazonaws.com/homesnap/bedroom/b1.jpg, 35, 2, Clean ~
207, https://s3-us-west-1.amazonaws.com/homesnap/bedroom/b8.jpg, 35, 3, New fixtures !
208, https://s3-us-west-1.amazonaws.com/homesnap/kitchen/k4.jpg, 35, 4, The perfect getaway =)
209, https://s3-us-west-1.amazonaws.com/homesnap/dining/d2.jpg, 35, 5, Spacious ~~
210, https://s3-us-west-1.amazonaws.com/homesnap/dining/d10.jpg, 35, 6, Brand new !
211, https://s3-us-west-1.amazonaws.com/homesnap/outer/o4.jpg, 35, 7, Brand new !
212, https://s3-us-west-1.amazonaws.com/homesnap/exterior/h36.jpg, 36, 1, ''
213, https://s3-us-west-1.amazonaws.com/homesnap/bedroom/b2.jpg, 36, 2, Recently renovated !
214, https://s3-us-west-1.amazonaws.com/homesnap/kitchen/k1.jpg, 36, 3, Tidy ~
215, https://s3-us-west-1.amazonaws.com/homesnap/dining/d2.jpg, 36, 4, New fixtures !
216, https://s3-us-west-1.amazonaws.com/homesnap/outer/o2.jpg, 36, 5, New fixtures !
217, https://s3-us-west-1.amazonaws.com/homesnap/exterior/h37.jpg, 37, 1, ''
218, https://s3-us-west-1.amazonaws.com/homesnap/bedroom/b8.jpg, 37, 2, Clean ~
219, https://s3-us-west-1.amazonaws.com/homesnap/bedroom/b3.jpg, 37, 3, Spacious ~~
220, https://s3-us-west-1.amazonaws.com/homesnap/kitchen/k5.jpg, 37, 4, Original
221, https://s3-us-west-1.amazonaws.com/homesnap/dining/d10.jpg, 37, 5, Air-conditioned
222, https://s3-us-west-1.amazonaws.com/homesnap/outer/o4.jpg, 37, 6, Just like home =)
223, https://s3-us-west-1.amazonaws.com/homesnap/exterior/h38.jpg, 38, 1, ''
224, https://s3-us-west-1.amazonaws.com/homesnap/bedroom/b8.jpg, 38, 2, 
225, https://s3-us-west-1.amazonaws.com/homesnap/bedroom/b9.jpg, 38, 3, Brand new !
226, https://s3-us-west-1.amazonaws.com/homesnap/kitchen/k7.jpg, 38, 4, Original
227, https://s3-us-west-1.amazonaws.com/homesnap/dining/d1.jpg, 38, 5, 
228, https://s3-us-west-1.amazonaws.com/homesnap/outer/o1.jpg, 38, 6, Clean ~
229, https://s3-us-west-1.amazonaws.com/homesnap/exterior/h39.jpg, 39, 1, ''
230, https://s3-us-west-1.amazonaws.com/homesnap/bedroom/b6.jpg, 39, 2, Air-conditioned
231, https://s3-us-west-1.amazonaws.com/homesnap/bedroom/b9.jpg, 39, 3, 
232, https://s3-us-west-1.amazonaws.com/homesnap/kitchen/k4.jpg, 39, 4, Tidy ~
233, https://s3-us-west-1.amazonaws.com/homesnap/dining/d9.jpg, 39, 5, Recently renovated !
234, https://s3-us-west-1.amazonaws.com/homesnap/dining/d3.jpg, 39, 6, Original
235, https://s3-us-west-1.amazonaws.com/homesnap/outer/o4.jpg, 39, 7, Sunny
236, https://s3-us-west-1.amazonaws.com/homesnap/exterior/h40.jpg, 40, 1, ''
237, https://s3-us-west-1.amazonaws.com/homesnap/bedroom/b2.jpg, 40, 2, Original
238, https://s3-us-west-1.amazonaws.com/homesnap/kitchen/k8.jpg, 40, 3, Brand new !
239, https://s3-us-west-1.amazonaws.com/homesnap/dining/d4.jpg, 40, 4, Air-conditioned
240, https://s3-us-west-1.amazonaws.com/homesnap/dining/d8.jpg, 40, 5, Comfort at its best
241, https://s3-us-west-1.amazonaws.com/homesnap/outer/o2.jpg, 40, 6, Comfort at its best
242, https://s3-us-west-1.amazonaws.com/homesnap/exterior/h41.jpg, 41, 1, ''
243, https://s3-us-west-1.amazonaws.com/homesnap/bedroom/b3.jpg, 41, 2, Bright
244, https://s3-us-west-1.amazonaws.com/homesnap/bedroom/b7.jpg, 41, 3, New fixtures !
245, https://s3-us-west-1.amazonaws.com/homesnap/kitchen/k7.jpg, 41, 4, Clean ~
246, https://s3-us-west-1.amazonaws.com/homesnap/dining/d1.jpg, 41, 5, Clean ~
247, https://s3-us-west-1.amazonaws.com/homesnap/outer/o9.jpg, 41, 6, Tidy ~
248, https://s3-us-west-1.amazonaws.com/homesnap/exterior/h42.jpg, 42, 1, ''
249, https://s3-us-west-1.amazonaws.com/homesnap/bedroom/b4.jpg, 42, 2, Bright
250, https://s3-us-west-1.amazonaws.com/homesnap/kitchen/k8.jpg, 42, 3, Bright
251, https://s3-us-west-1.amazonaws.com/homesnap/dining/d5.jpg, 42, 4, Sunny
252, https://s3-us-west-1.amazonaws.com/homesnap/outer/o2.jpg, 42, 5, 
253, https://s3-us-west-1.amazonaws.com/homesnap/exterior/h43.jpg, 43, 1, ''
254, https://s3-us-west-1.amazonaws.com/homesnap/bedroom/b3.jpg, 43, 2, Air-conditioned
255, https://s3-us-west-1.amazonaws.com/homesnap/kitchen/k8.jpg, 43, 3, New fixtures !
256, https://s3-us-west-1.amazonaws.com/homesnap/dining/d10.jpg, 43, 4, Spacious ~~
257, https://s3-us-west-1.amazonaws.com/homesnap/dining/d3.jpg, 43, 5, Comfort at its best
258, https://s3-us-west-1.amazonaws.com/homesnap/outer/o8.jpg, 43, 6, 
259, https://s3-us-west-1.amazonaws.com/homesnap/exterior/h44.jpg, 44, 1, ''
260, https://s3-us-west-1.amazonaws.com/homesnap/bedroom/b1.jpg, 44, 2, Just like home =)
261, https://s3-us-west-1.amazonaws.com/homesnap/kitchen/k7.jpg, 44, 3, Just like home =)
262, https://s3-us-west-1.amazonaws.com/homesnap/dining/d9.jpg, 44, 4, The perfect getaway =)
263, https://s3-us-west-1.amazonaws.com/homesnap/outer/o3.jpg, 44, 5, Sunny
264, https://s3-us-west-1.amazonaws.com/homesnap/exterior/h45.jpg, 45, 1, ''
265, https://s3-us-west-1.amazonaws.com/homesnap/bedroom/b6.jpg, 45, 2, Sunny
266, https://s3-us-west-1.amazonaws.com/homesnap/bedroom/b5.jpg, 45, 3, Clean ~
267, https://s3-us-west-1.amazonaws.com/homesnap/kitchen/k8.jpg, 45, 4, Bright
268, https://s3-us-west-1.amazonaws.com/homesnap/dining/d4.jpg, 45, 5, Spacious ~~
269, https://s3-us-west-1.amazonaws.com/homesnap/outer/o3.jpg, 45, 6, The perfect getaway =)
270, https://s3-us-west-1.amazonaws.com/homesnap/exterior/h46.jpg, 46, 1, ''
271, https://s3-us-west-1.amazonaws.com/homesnap/bedroom/b10.jpg, 46, 2, Just like home =)
272, https://s3-us-west-1.amazonaws.com/homesnap/bedroom/b7.jpg, 46, 3, Bright
273, https://s3-us-west-1.amazonaws.com/homesnap/kitchen/k10.jpg, 46, 4, 
274, https://s3-us-west-1.amazonaws.com/homesnap/dining/d8.jpg, 46, 5, Sunny
275, https://s3-us-west-1.amazonaws.com/homesnap/dining/d4.jpg, 46, 6, Air-conditioned
276, https://s3-us-west-1.amazonaws.com/homesnap/outer/o6.jpg, 46, 7, Clean ~
277, https://s3-us-west-1.amazonaws.com/homesnap/exterior/h47.jpg, 47, 1, ''
278, https://s3-us-west-1.amazonaws.com/homesnap/bedroom/b6.jpg, 47, 2, Recently renovated !
279, https://s3-us-west-1.amazonaws.com/homesnap/kitchen/k8.jpg, 47, 3, 
280, https://s3-us-west-1.amazonaws.com/homesnap/dining/d3.jpg, 47, 4, The perfect getaway =)
281, https://s3-us-west-1.amazonaws.com/homesnap/outer/o2.jpg, 47, 5, Air-conditioned
282, https://s3-us-west-1.amazonaws.com/homesnap/exterior/h48.jpg, 48, 1, ''
283, https://s3-us-west-1.amazonaws.com/homesnap/bedroom/b9.jpg, 48, 2, The perfect getaway =)
284, https://s3-us-west-1.amazonaws.com/homesnap/bedroom/b4.jpg, 48, 3, Bright
285, https://s3-us-west-1.amazonaws.com/homesnap/kitchen/k10.jpg, 48, 4, Comfort at its best
286, https://s3-us-west-1.amazonaws.com/homesnap/dining/d10.jpg, 48, 5, Original
287, https://s3-us-west-1.amazonaws.com/homesnap/dining/d7.jpg, 48, 6, Original
288, https://s3-us-west-1.amazonaws.com/homesnap/outer/o6.jpg, 48, 7, 
289, https://s3-us-west-1.amazonaws.com/homesnap/exterior/h49.jpg, 49, 1, ''
290, https://s3-us-west-1.amazonaws.com/homesnap/bedroom/b7.jpg, 49, 2, Air-conditioned
291, https://s3-us-west-1.amazonaws.com/homesnap/kitchen/k1.jpg, 49, 3, 
292, https://s3-us-west-1.amazonaws.com/homesnap/dining/d1.jpg, 49, 4, The perfect getaway =)
293, https://s3-us-west-1.amazonaws.com/homesnap/outer/o4.jpg, 49, 5, New fixtures !
294, https://s3-us-west-1.amazonaws.com/homesnap/exterior/h50.jpg, 50, 1, ''
295, https://s3-us-west-1.amazonaws.com/homesnap/bedroom/b9.jpg, 50, 2, Comfort at its best
296, https://s3-us-west-1.amazonaws.com/homesnap/kitchen/k3.jpg, 50, 3, Sunny
297, https://s3-us-west-1.amazonaws.com/homesnap/dining/d7.jpg, 50, 4, Original
298, https://s3-us-west-1.amazonaws.com/homesnap/dining/d4.jpg, 50, 5, Clean ~
299, https://s3-us-west-1.amazonaws.com/homesnap/outer/o6.jpg, 50, 6, Sunny
300, https://s3-us-west-1.amazonaws.com/homesnap/exterior/h51.jpg, 51, 1, ''
301, https://s3-us-west-1.amazonaws.com/homesnap/bedroom/b1.jpg, 51, 2, The perfect getaway =)
302, https://s3-us-west-1.amazonaws.com/homesnap/bedroom/b7.jpg, 51, 3, Recently renovated !
303, https://s3-us-west-1.amazonaws.com/homesnap/kitchen/k1.jpg, 51, 4, Tidy ~
304, https://s3-us-west-1.amazonaws.com/homesnap/dining/d8.jpg, 51, 5, Clean ~
305, https://s3-us-west-1.amazonaws.com/homesnap/outer/o1.jpg, 51, 6, Pet-friendly ~
306, https://s3-us-west-1.amazonaws.com/homesnap/exterior/h52.jpg, 52, 1, ''
307, https://s3-us-west-1.amazonaws.com/homesnap/bedroom/b3.jpg, 52, 2, Just like home =)
308, https://s3-us-west-1.amazonaws.com/homesnap/bedroom/b1.jpg, 52, 3, Tidy ~
309, https://s3-us-west-1.amazonaws.com/homesnap/kitchen/k5.jpg, 52, 4, Bright
310, https://s3-us-west-1.amazonaws.com/homesnap/dining/d9.jpg, 52, 5, Just like home =)
311, https://s3-us-west-1.amazonaws.com/homesnap/dining/d5.jpg, 52, 6, Air-conditioned
312, https://s3-us-west-1.amazonaws.com/homesnap/outer/o4.jpg, 52, 7, Bright
313, https://s3-us-west-1.amazonaws.com/homesnap/exterior/h53.jpg, 53, 1, ''
314, https://s3-us-west-1.amazonaws.com/homesnap/bedroom/b8.jpg, 53, 2, Pet-friendly ~
315, https://s3-us-west-1.amazonaws.com/homesnap/kitchen/k1.jpg, 53, 3, Spacious ~~
316, https://s3-us-west-1.amazonaws.com/homesnap/dining/d1.jpg, 53, 4, Original
317, https://s3-us-west-1.amazonaws.com/homesnap/outer/o5.jpg, 53, 5, Tidy ~
318, https://s3-us-west-1.amazonaws.com/homesnap/exterior/h54.jpg, 54, 1, ''
319, https://s3-us-west-1.amazonaws.com/homesnap/bedroom/b4.jpg, 54, 2, Recently renovated !
320, https://s3-us-west-1.amazonaws.com/homesnap/bedroom/b2.jpg, 54, 3, Original
321, https://s3-us-west-1.amazonaws.com/homesnap/kitchen/k5.jpg, 54, 4, Original
322, https://s3-us-west-1.amazonaws.com/homesnap/dining/d7.jpg, 54, 5, Bright
323, https://s3-us-west-1.amazonaws.com/homesnap/outer/o4.jpg, 54, 6, New fixtures !
324, https://s3-us-west-1.amazonaws.com/homesnap/exterior/h55.jpg, 55, 1, ''
325, https://s3-us-west-1.amazonaws.com/homesnap/bedroom/b2.jpg, 55, 2, Clean ~
326, https://s3-us-west-1.amazonaws.com/homesnap/bedroom/b1.jpg, 55, 3, 
327, https://s3-us-west-1.amazonaws.com/homesnap/kitchen/k1.jpg, 55, 4, Tidy ~
328, https://s3-us-west-1.amazonaws.com/homesnap/dining/d3.jpg, 55, 5, Bright
329, https://s3-us-west-1.amazonaws.com/homesnap/dining/d1.jpg, 55, 6, Pet-friendly ~
330, https://s3-us-west-1.amazonaws.com/homesnap/outer/o9.jpg, 55, 7, Just like home =)
331, https://s3-us-west-1.amazonaws.com/homesnap/exterior/h56.jpg, 56, 1, ''
332, https://s3-us-west-1.amazonaws.com/homesnap/bedroom/b6.jpg, 56, 2, Clean ~
333, https://s3-us-west-1.amazonaws.com/homesnap/kitchen/k7.jpg, 56, 3, Clean ~
334, https://s3-us-west-1.amazonaws.com/homesnap/dining/d3.jpg, 56, 4, Bright
335, https://s3-us-west-1.amazonaws.com/homesnap/outer/o4.jpg, 56, 5, New fixtures !
336, https://s3-us-west-1.amazonaws.com/homesnap/exterior/h57.jpg, 57, 1, ''
337, https://s3-us-west-1.amazonaws.com/homesnap/bedroom/b7.jpg, 57, 2, Pet-friendly ~
338, https://s3-us-west-1.amazonaws.com/homesnap/bedroom/b6.jpg, 57, 3, Bright
339, https://s3-us-west-1.amazonaws.com/homesnap/kitchen/k9.jpg, 57, 4, Clean ~
340, https://s3-us-west-1.amazonaws.com/homesnap/dining/d2.jpg, 57, 5, Sunny
341, https://s3-us-west-1.amazonaws.com/homesnap/dining/d4.jpg, 57, 6, Pet-friendly ~
342, https://s3-us-west-1.amazonaws.com/homesnap/outer/o4.jpg, 57, 7, Just like home =)
343, https://s3-us-west-1.amazonaws.com/homesnap/exterior/h58.jpg, 58, 1, ''
344, https://s3-us-west-1.amazonaws.com/homesnap/bedroom/b4.jpg, 58, 2, Original
345, https://s3-us-west-1.amazonaws.com/homesnap/kitchen/k1.jpg, 58, 3, Clean ~
346, https://s3-us-west-1.amazonaws.com/homesnap/dining/d9.jpg, 58, 4, Clean ~
347, https://s3-us-west-1.amazonaws.com/homesnap/outer/o7.jpg, 58, 5, Clean ~
348, https://s3-us-west-1.amazonaws.com/homesnap/exterior/h59.jpg, 59, 1, ''
349, https://s3-us-west-1.amazonaws.com/homesnap/bedroom/b1.jpg, 59, 2, The perfect getaway =)
350, https://s3-us-west-1.amazonaws.com/homesnap/kitchen/k5.jpg, 59, 3, Clean ~
351, https://s3-us-west-1.amazonaws.com/homesnap/dining/d10.jpg, 59, 4, Tidy ~
352, https://s3-us-west-1.amazonaws.com/homesnap/outer/o7.jpg, 59, 5, Recently renovated !
353, https://s3-us-west-1.amazonaws.com/homesnap/exterior/h60.jpg, 60, 1, ''
354, https://s3-us-west-1.amazonaws.com/homesnap/bedroom/b3.jpg, 60, 2, Pet-friendly ~
355, https://s3-us-west-1.amazonaws.com/homesnap/bedroom/b9.jpg, 60, 3, Clean ~
356, https://s3-us-west-1.amazonaws.com/homesnap/kitchen/k6.jpg, 60, 4, Pet-friendly ~
357, https://s3-us-west-1.amazonaws.com/homesnap/dining/d7.jpg, 60, 5, Bright
358, https://s3-us-west-1.amazonaws.com/homesnap/outer/o4.jpg, 60, 6, Tidy ~
359, https://s3-us-west-1.amazonaws.com/homesnap/exterior/h61.jpg, 61, 1, ''
360, https://s3-us-west-1.amazonaws.com/homesnap/bedroom/b10.jpg, 61, 2, Just like home =)
361, https://s3-us-west-1.amazonaws.com/homesnap/kitchen/k1.jpg, 61, 3, Recently renovated !
362, https://s3-us-west-1.amazonaws.com/homesnap/dining/d1.jpg, 61, 4, Bright
363, https://s3-us-west-1.amazonaws.com/homesnap/outer/o6.jpg, 61, 5, New fixtures !
364, https://s3-us-west-1.amazonaws.com/homesnap/exterior/h62.jpg, 62, 1, ''
365, https://s3-us-west-1.amazonaws.com/homesnap/bedroom/b8.jpg, 62, 2, Air-conditioned
366, https://s3-us-west-1.amazonaws.com/homesnap/kitchen/k3.jpg, 62, 3, New fixtures !
367, https://s3-us-west-1.amazonaws.com/homesnap/dining/d8.jpg, 62, 4, Original
368, https://s3-us-west-1.amazonaws.com/homesnap/dining/d6.jpg, 62, 5, Tidy ~
369, https://s3-us-west-1.amazonaws.com/homesnap/outer/o2.jpg, 62, 6, 
370, https://s3-us-west-1.amazonaws.com/homesnap/exterior/h63.jpg, 63, 1, ''
371, https://s3-us-west-1.amazonaws.com/homesnap/bedroom/b2.jpg, 63, 2, New fixtures !
372, https://s3-us-west-1.amazonaws.com/homesnap/bedroom/b7.jpg, 63, 3, Recently renovated !
373, https://s3-us-west-1.amazonaws.com/homesnap/kitchen/k10.jpg, 63, 4, Air-conditioned
374, https://s3-us-west-1.amazonaws.com/homesnap/dining/d9.jpg, 63, 5, New fixtures !
375, https://s3-us-west-1.amazonaws.com/homesnap/outer/o4.jpg, 63, 6, Brand new !
376, https://s3-us-west-1.amazonaws.com/homesnap/exterior/h64.jpg, 64, 1, ''
377, https://s3-us-west-1.amazonaws.com/homesnap/bedroom/b10.jpg, 64, 2, Pet-friendly ~
378, https://s3-us-west-1.amazonaws.com/homesnap/kitchen/k7.jpg, 64, 3, Bright
379, https://s3-us-west-1.amazonaws.com/homesnap/dining/d2.jpg, 64, 4, Spacious ~~
380, https://s3-us-west-1.amazonaws.com/homesnap/outer/o1.jpg, 64, 5, Recently renovated !
381, https://s3-us-west-1.amazonaws.com/homesnap/exterior/h65.jpg, 65, 1, ''
382, https://s3-us-west-1.amazonaws.com/homesnap/bedroom/b9.jpg, 65, 2, Bright
383, https://s3-us-west-1.amazonaws.com/homesnap/bedroom/b5.jpg, 65, 3, Sunny
384, https://s3-us-west-1.amazonaws.com/homesnap/kitchen/k2.jpg, 65, 4, Air-conditioned
385, https://s3-us-west-1.amazonaws.com/homesnap/dining/d6.jpg, 65, 5, Bright
386, https://s3-us-west-1.amazonaws.com/homesnap/outer/o8.jpg, 65, 6, Brand new !
387, https://s3-us-west-1.amazonaws.com/homesnap/exterior/h66.jpg, 66, 1, ''
388, https://s3-us-west-1.amazonaws.com/homesnap/bedroom/b10.jpg, 66, 2, Just like home =)
389, https://s3-us-west-1.amazonaws.com/homesnap/bedroom/b4.jpg, 66, 3, Brand new !
390, https://s3-us-west-1.amazonaws.com/homesnap/kitchen/k4.jpg, 66, 4, Original
391, https://s3-us-west-1.amazonaws.com/homesnap/dining/d10.jpg, 66, 5, Bright
392, https://s3-us-west-1.amazonaws.com/homesnap/outer/o5.jpg, 66, 6, Comfort at its best
393, https://s3-us-west-1.amazonaws.com/homesnap/exterior/h67.jpg, 67, 1, ''
394, https://s3-us-west-1.amazonaws.com/homesnap/bedroom/b7.jpg, 67, 2, Tidy ~
395, https://s3-us-west-1.amazonaws.com/homesnap/kitchen/k8.jpg, 67, 3, Comfort at its best
396, https://s3-us-west-1.amazonaws.com/homesnap/dining/d6.jpg, 67, 4, Pet-friendly ~
397, https://s3-us-west-1.amazonaws.com/homesnap/outer/o4.jpg, 67, 5, Brand new !
398, https://s3-us-west-1.amazonaws.com/homesnap/exterior/h68.jpg, 68, 1, ''
399, https://s3-us-west-1.amazonaws.com/homesnap/bedroom/b4.jpg, 68, 2, Comfort at its best
400, https://s3-us-west-1.amazonaws.com/homesnap/bedroom/b2.jpg, 68, 3, Spacious ~~
401, https://s3-us-west-1.amazonaws.com/homesnap/kitchen/k7.jpg, 68, 4, New fixtures !
402, https://s3-us-west-1.amazonaws.com/homesnap/dining/d5.jpg, 68, 5, Just like home =)
403, https://s3-us-west-1.amazonaws.com/homesnap/outer/o6.jpg, 68, 6, Spacious ~~
404, https://s3-us-west-1.amazonaws.com/homesnap/exterior/h69.jpg, 69, 1, ''
405, https://s3-us-west-1.amazonaws.com/homesnap/bedroom/b1.jpg, 69, 2, Spacious ~~
406, https://s3-us-west-1.amazonaws.com/homesnap/kitchen/k7.jpg, 69, 3, Pet-friendly ~
407, https://s3-us-west-1.amazonaws.com/homesnap/dining/d9.jpg, 69, 4, Comfort at its best
408, https://s3-us-west-1.amazonaws.com/homesnap/outer/o2.jpg, 69, 5, The perfect getaway =)
409, https://s3-us-west-1.amazonaws.com/homesnap/exterior/h70.jpg, 70, 1, ''
410, https://s3-us-west-1.amazonaws.com/homesnap/bedroom/b9.jpg, 70, 2, New fixtures !
411, https://s3-us-west-1.amazonaws.com/homesnap/bedroom/b9.jpg, 70, 3, Air-conditioned
412, https://s3-us-west-1.amazonaws.com/homesnap/kitchen/k6.jpg, 70, 4, Just like home =)
413, https://s3-us-west-1.amazonaws.com/homesnap/dining/d8.jpg, 70, 5, 
414, https://s3-us-west-1.amazonaws.com/homesnap/outer/o8.jpg, 70, 6, Original
415, https://s3-us-west-1.amazonaws.com/homesnap/exterior/h71.jpg, 71, 1, ''
416, https://s3-us-west-1.amazonaws.com/homesnap/bedroom/b9.jpg, 71, 2, Pet-friendly ~
417, https://s3-us-west-1.amazonaws.com/homesnap/kitchen/k2.jpg, 71, 3, Clean ~
418, https://s3-us-west-1.amazonaws.com/homesnap/dining/d4.jpg, 71, 4, The perfect getaway =)
419, https://s3-us-west-1.amazonaws.com/homesnap/dining/d2.jpg, 71, 5, Sunny
420, https://s3-us-west-1.amazonaws.com/homesnap/outer/o6.jpg, 71, 6, Pet-friendly ~
421, https://s3-us-west-1.amazonaws.com/homesnap/exterior/h72.jpg, 72, 1, ''
422, https://s3-us-west-1.amazonaws.com/homesnap/bedroom/b1.jpg, 72, 2, Comfort at its best
423, https://s3-us-west-1.amazonaws.com/homesnap/kitchen/k8.jpg, 72, 3, New fixtures !
424, https://s3-us-west-1.amazonaws.com/homesnap/dining/d4.jpg, 72, 4, Brand new !
425, https://s3-us-west-1.amazonaws.com/homesnap/outer/o2.jpg, 72, 5, Comfort at its best
426, https://s3-us-west-1.amazonaws.com/homesnap/exterior/h73.jpg, 73, 1, ''
427, https://s3-us-west-1.amazonaws.com/homesnap/bedroom/b3.jpg, 73, 2, Comfort at its best
428, https://s3-us-west-1.amazonaws.com/homesnap/kitchen/k1.jpg, 73, 3, 
429, https://s3-us-west-1.amazonaws.com/homesnap/dining/d6.jpg, 73, 4, Sunny
430, https://s3-us-west-1.amazonaws.com/homesnap/outer/o6.jpg, 73, 5, Tidy ~
431, https://s3-us-west-1.amazonaws.com/homesnap/exterior/h74.jpg, 74, 1, ''
432, https://s3-us-west-1.amazonaws.com/homesnap/bedroom/b9.jpg, 74, 2, Air-conditioned
433, https://s3-us-west-1.amazonaws.com/homesnap/bedroom/b4.jpg, 74, 3, Clean ~
434, https://s3-us-west-1.amazonaws.com/homesnap/kitchen/k3.jpg, 74, 4, Air-conditioned
435, https://s3-us-west-1.amazonaws.com/homesnap/dining/d5.jpg, 74, 5, Tidy ~
436, https://s3-us-west-1.amazonaws.com/homesnap/outer/o1.jpg, 74, 6, Tidy ~
437, https://s3-us-west-1.amazonaws.com/homesnap/exterior/h75.jpg, 75, 1, ''
438, https://s3-us-west-1.amazonaws.com/homesnap/bedroom/b5.jpg, 75, 2, New fixtures !
439, https://s3-us-west-1.amazonaws.com/homesnap/bedroom/b7.jpg, 75, 3, Comfort at its best
440, https://s3-us-west-1.amazonaws.com/homesnap/kitchen/k7.jpg, 75, 4, Tidy ~
441, https://s3-us-west-1.amazonaws.com/homesnap/dining/d9.jpg, 75, 5, Clean ~
442, https://s3-us-west-1.amazonaws.com/homesnap/dining/d5.jpg, 75, 6, Spacious ~~
443, https://s3-us-west-1.amazonaws.com/homesnap/outer/o4.jpg, 75, 7, Bright
444, https://s3-us-west-1.amazonaws.com/homesnap/exterior/h76.jpg, 76, 1, ''
445, https://s3-us-west-1.amazonaws.com/homesnap/bedroom/b2.jpg, 76, 2, Original
446, https://s3-us-west-1.amazonaws.com/homesnap/bedroom/b7.jpg, 76, 3, Original
447, https://s3-us-west-1.amazonaws.com/homesnap/kitchen/k10.jpg, 76, 4, Tidy ~
448, https://s3-us-west-1.amazonaws.com/homesnap/dining/d9.jpg, 76, 5, Clean ~
449, https://s3-us-west-1.amazonaws.com/homesnap/dining/d3.jpg, 76, 6, Spacious ~~
450, https://s3-us-west-1.amazonaws.com/homesnap/outer/o7.jpg, 76, 7, Brand new !
451, https://s3-us-west-1.amazonaws.com/homesnap/exterior/h77.jpg, 77, 1, ''
452, https://s3-us-west-1.amazonaws.com/homesnap/bedroom/b4.jpg, 77, 2, Recently renovated !
453, https://s3-us-west-1.amazonaws.com/homesnap/kitchen/k6.jpg, 77, 3, Pet-friendly ~
454, https://s3-us-west-1.amazonaws.com/homesnap/dining/d9.jpg, 77, 4, New fixtures !
455, https://s3-us-west-1.amazonaws.com/homesnap/outer/o6.jpg, 77, 5, Sunny
456, https://s3-us-west-1.amazonaws.com/homesnap/exterior/h78.jpg, 78, 1, ''
457, https://s3-us-west-1.amazonaws.com/homesnap/bedroom/b3.jpg, 78, 2, Recently renovated !
458, https://s3-us-west-1.amazonaws.com/homesnap/bedroom/b7.jpg, 78, 3, Pet-friendly ~
459, https://s3-us-west-1.amazonaws.com/homesnap/kitchen/k7.jpg, 78, 4, Pet-friendly ~
460, https://s3-us-west-1.amazonaws.com/homesnap/dining/d2.jpg, 78, 5, Recently renovated !
461, https://s3-us-west-1.amazonaws.com/homesnap/outer/o6.jpg, 78, 6, Just like home =)
462, https://s3-us-west-1.amazonaws.com/homesnap/exterior/h79.jpg, 79, 1, ''
463, https://s3-us-west-1.amazonaws.com/homesnap/bedroom/b9.jpg, 79, 2, Clean ~
464, https://s3-us-west-1.amazonaws.com/homesnap/kitchen/k7.jpg, 79, 3, Sunny
465, https://s3-us-west-1.amazonaws.com/homesnap/dining/d8.jpg, 79, 4, The perfect getaway =)
466, https://s3-us-west-1.amazonaws.com/homesnap/dining/d3.jpg, 79, 5, Just like home =)
467, https://s3-us-west-1.amazonaws.com/homesnap/outer/o1.jpg, 79, 6, 
468, https://s3-us-west-1.amazonaws.com/homesnap/exterior/h80.jpg, 80, 1, ''
469, https://s3-us-west-1.amazonaws.com/homesnap/bedroom/b3.jpg, 80, 2, Just like home =)
470, https://s3-us-west-1.amazonaws.com/homesnap/kitchen/k4.jpg, 80, 3, Pet-friendly ~
471, https://s3-us-west-1.amazonaws.com/homesnap/dining/d7.jpg, 80, 4, Brand new !
472, https://s3-us-west-1.amazonaws.com/homesnap/outer/o2.jpg, 80, 5, Just like home =)
473, https://s3-us-west-1.amazonaws.com/homesnap/exterior/h81.jpg, 81, 1, ''
474, https://s3-us-west-1.amazonaws.com/homesnap/bedroom/b3.jpg, 81, 2, Just like home =)
475, https://s3-us-west-1.amazonaws.com/homesnap/bedroom/b5.jpg, 81, 3, Recently renovated !
476, https://s3-us-west-1.amazonaws.com/homesnap/kitchen/k9.jpg, 81, 4, Original
477, https://s3-us-west-1.amazonaws.com/homesnap/dining/d5.jpg, 81, 5, Spacious ~~
478, https://s3-us-west-1.amazonaws.com/homesnap/outer/o5.jpg, 81, 6, Pet-friendly ~
479, https://s3-us-west-1.amazonaws.com/homesnap/exterior/h82.jpg, 82, 1, ''
480, https://s3-us-west-1.amazonaws.com/homesnap/bedroom/b1.jpg, 82, 2, The perfect getaway =)
481, https://s3-us-west-1.amazonaws.com/homesnap/bedroom/b7.jpg, 82, 3, Pet-friendly ~
482, https://s3-us-west-1.amazonaws.com/homesnap/kitchen/k5.jpg, 82, 4, New fixtures !
483, https://s3-us-west-1.amazonaws.com/homesnap/dining/d6.jpg, 82, 5, Clean ~
484, https://s3-us-west-1.amazonaws.com/homesnap/outer/o1.jpg, 82, 6, Tidy ~
485, https://s3-us-west-1.amazonaws.com/homesnap/exterior/h83.jpg, 83, 1, ''
486, https://s3-us-west-1.amazonaws.com/homesnap/bedroom/b2.jpg, 83, 2, Air-conditioned
487, https://s3-us-west-1.amazonaws.com/homesnap/bedroom/b4.jpg, 83, 3, Original
488, https://s3-us-west-1.amazonaws.com/homesnap/kitchen/k9.jpg, 83, 4, Recently renovated !
489, https://s3-us-west-1.amazonaws.com/homesnap/dining/d4.jpg, 83, 5, New fixtures !
490, https://s3-us-west-1.amazonaws.com/homesnap/dining/d5.jpg, 83, 6, Comfort at its best
491, https://s3-us-west-1.amazonaws.com/homesnap/outer/o3.jpg, 83, 7, The perfect getaway =)
492, https://s3-us-west-1.amazonaws.com/homesnap/exterior/h84.jpg, 84, 1, ''
493, https://s3-us-west-1.amazonaws.com/homesnap/bedroom/b5.jpg, 84, 2, Just like home =)
494, https://s3-us-west-1.amazonaws.com/homesnap/kitchen/k9.jpg, 84, 3, Clean ~
495, https://s3-us-west-1.amazonaws.com/homesnap/dining/d4.jpg, 84, 4, New fixtures !
496, https://s3-us-west-1.amazonaws.com/homesnap/dining/d3.jpg, 84, 5, Just like home =)
497, https://s3-us-west-1.amazonaws.com/homesnap/outer/o3.jpg, 84, 6, Bright
498, https://s3-us-west-1.amazonaws.com/homesnap/exterior/h85.jpg, 85, 1, ''
499, https://s3-us-west-1.amazonaws.com/homesnap/bedroom/b1.jpg, 85, 2, Clean ~
500, https://s3-us-west-1.amazonaws.com/homesnap/kitchen/k1.jpg, 85, 3, Air-conditioned
501, https://s3-us-west-1.amazonaws.com/homesnap/dining/d10.jpg, 85, 4, Recently renovated !
502, https://s3-us-west-1.amazonaws.com/homesnap/outer/o3.jpg, 85, 5, Just like home =)
503, https://s3-us-west-1.amazonaws.com/homesnap/exterior/h86.jpg, 86, 1, ''
504, https://s3-us-west-1.amazonaws.com/homesnap/bedroom/b5.jpg, 86, 2, The perfect getaway =)
505, https://s3-us-west-1.amazonaws.com/homesnap/kitchen/k1.jpg, 86, 3, Just like home =)
506, https://s3-us-west-1.amazonaws.com/homesnap/dining/d3.jpg, 86, 4, Sunny
507, https://s3-us-west-1.amazonaws.com/homesnap/outer/o1.jpg, 86, 5, The perfect getaway =)
508, https://s3-us-west-1.amazonaws.com/homesnap/exterior/h87.jpg, 87, 1, ''
509, https://s3-us-west-1.amazonaws.com/homesnap/bedroom/b9.jpg, 87, 2, Bright
510, https://s3-us-west-1.amazonaws.com/homesnap/bedroom/b8.jpg, 87, 3, New fixtures !
511, https://s3-us-west-1.amazonaws.com/homesnap/kitchen/k10.jpg, 87, 4, Pet-friendly ~
512, https://s3-us-west-1.amazonaws.com/homesnap/dining/d7.jpg, 87, 5, Sunny
513, https://s3-us-west-1.amazonaws.com/homesnap/outer/o7.jpg, 87, 6, Air-conditioned
514, https://s3-us-west-1.amazonaws.com/homesnap/exterior/h88.jpg, 88, 1, ''
515, https://s3-us-west-1.amazonaws.com/homesnap/bedroom/b2.jpg, 88, 2, Pet-friendly ~
516, https://s3-us-west-1.amazonaws.com/homesnap/bedroom/b6.jpg, 88, 3, Original
517, https://s3-us-west-1.amazonaws.com/homesnap/kitchen/k6.jpg, 88, 4, Brand new !
518, https://s3-us-west-1.amazonaws.com/homesnap/dining/d9.jpg, 88, 5, The perfect getaway =)
519, https://s3-us-west-1.amazonaws.com/homesnap/outer/o5.jpg, 88, 6, New fixtures !
520, https://s3-us-west-1.amazonaws.com/homesnap/exterior/h89.jpg, 89, 1, ''
521, https://s3-us-west-1.amazonaws.com/homesnap/bedroom/b7.jpg, 89, 2, Comfort at its best
522, https://s3-us-west-1.amazonaws.com/homesnap/kitchen/k1.jpg, 89, 3, Original
523, https://s3-us-west-1.amazonaws.com/homesnap/dining/d3.jpg, 89, 4, Air-conditioned
524, https://s3-us-west-1.amazonaws.com/homesnap/outer/o9.jpg, 89, 5, New fixtures !
525, https://s3-us-west-1.amazonaws.com/homesnap/exterior/h90.jpg, 90, 1, ''
526, https://s3-us-west-1.amazonaws.com/homesnap/bedroom/b10.jpg, 90, 2, 
527, https://s3-us-west-1.amazonaws.com/homesnap/kitchen/k7.jpg, 90, 3, Spacious ~~
528, https://s3-us-west-1.amazonaws.com/homesnap/dining/d2.jpg, 90, 4, Sunny
529, https://s3-us-west-1.amazonaws.com/homesnap/dining/d5.jpg, 90, 5, Comfort at its best
530, https://s3-us-west-1.amazonaws.com/homesnap/outer/o1.jpg, 90, 6, Bright
531, https://s3-us-west-1.amazonaws.com/homesnap/exterior/h91.jpg, 91, 1, ''
532, https://s3-us-west-1.amazonaws.com/homesnap/bedroom/b8.jpg, 91, 2, Recently renovated !
533, https://s3-us-west-1.amazonaws.com/homesnap/kitchen/k2.jpg, 91, 3, 
534, https://s3-us-west-1.amazonaws.com/homesnap/dining/d6.jpg, 91, 4, Comfort at its best
535, https://s3-us-west-1.amazonaws.com/homesnap/dining/d9.jpg, 91, 5, Pet-friendly ~
536, https://s3-us-west-1.amazonaws.com/homesnap/outer/o5.jpg, 91, 6, The perfect getaway =)
537, https://s3-us-west-1.amazonaws.com/homesnap/exterior/h92.jpg, 92, 1, ''
538, https://s3-us-west-1.amazonaws.com/homesnap/bedroom/b8.jpg, 92, 2, Brand new !
539, https://s3-us-west-1.amazonaws.com/homesnap/kitchen/k5.jpg, 92, 3, Brand new !
540, https://s3-us-west-1.amazonaws.com/homesnap/dining/d6.jpg, 92, 4, Pet-friendly ~
541, https://s3-us-west-1.amazonaws.com/homesnap/dining/d6.jpg, 92, 5, 
542, https://s3-us-west-1.amazonaws.com/homesnap/outer/o2.jpg, 92, 6, New fixtures !
543, https://s3-us-west-1.amazonaws.com/homesnap/exterior/h93.jpg, 93, 1, ''
544, https://s3-us-west-1.amazonaws.com/homesnap/bedroom/b9.jpg, 93, 2, Original
545, https://s3-us-west-1.amazonaws.com/homesnap/bedroom/b2.jpg, 93, 3, Pet-friendly ~
546, https://s3-us-west-1.amazonaws.com/homesnap/kitchen/k9.jpg, 93, 4, Just like home =)
547, https://s3-us-west-1.amazonaws.com/homesnap/dining/d5.jpg, 93, 5, Sunny
548, https://s3-us-west-1.amazonaws.com/homesnap/outer/o5.jpg, 93, 6, The perfect getaway =)
549, https://s3-us-west-1.amazonaws.com/homesnap/exterior/h94.jpg, 94, 1, ''
550, https://s3-us-west-1.amazonaws.com/homesnap/bedroom/b8.jpg, 94, 2, Comfort at its best
551, https://s3-us-west-1.amazonaws.com/homesnap/bedroom/b6.jpg, 94, 3, Brand new !
552, https://s3-us-west-1.amazonaws.com/homesnap/kitchen/k7.jpg, 94, 4, Brand new !
553, https://s3-us-west-1.amazonaws.com/homesnap/dining/d7.jpg, 94, 5, New fixtures !
554, https://s3-us-west-1.amazonaws.com/homesnap/outer/o7.jpg, 94, 6, Air-conditioned
555, https://s3-us-west-1.amazonaws.com/homesnap/exterior/h95.jpg, 95, 1, ''
556, https://s3-us-west-1.amazonaws.com/homesnap/bedroom/b9.jpg, 95, 2, Original
557, https://s3-us-west-1.amazonaws.com/homesnap/bedroom/b2.jpg, 95, 3, Pet-friendly ~
558, https://s3-us-west-1.amazonaws.com/homesnap/kitchen/k2.jpg, 95, 4, New fixtures !
559, https://s3-us-west-1.amazonaws.com/homesnap/dining/d10.jpg, 95, 5, Just like home =)
560, https://s3-us-west-1.amazonaws.com/homesnap/outer/o10.jpg, 95, 6, New fixtures !
561, https://s3-us-west-1.amazonaws.com/homesnap/exterior/h96.jpg, 96, 1, ''
562, https://s3-us-west-1.amazonaws.com/homesnap/bedroom/b7.jpg, 96, 2, Clean ~
563, https://s3-us-west-1.amazonaws.com/homesnap/bedroom/b6.jpg, 96, 3, Clean ~
564, https://s3-us-west-1.amazonaws.com/homesnap/kitchen/k5.jpg, 96, 4, Bright
565, https://s3-us-west-1.amazonaws.com/homesnap/dining/d9.jpg, 96, 5, Bright
566, https://s3-us-west-1.amazonaws.com/homesnap/dining/d9.jpg, 96, 6, Spacious ~~
567, https://s3-us-west-1.amazonaws.com/homesnap/outer/o3.jpg, 96, 7, Clean ~
568, https://s3-us-west-1.amazonaws.com/homesnap/exterior/h97.jpg, 97, 1, ''
569, https://s3-us-west-1.amazonaws.com/homesnap/bedroom/b9.jpg, 97, 2, Original
570, https://s3-us-west-1.amazonaws.com/homesnap/bedroom/b5.jpg, 97, 3, Spacious ~~
571, https://s3-us-west-1.amazonaws.com/homesnap/kitchen/k6.jpg, 97, 4, Recently renovated !
572, https://s3-us-west-1.amazonaws.com/homesnap/dining/d6.jpg, 97, 5, The perfect getaway =)
573, https://s3-us-west-1.amazonaws.com/homesnap/outer/o9.jpg, 97, 6, Tidy ~
574, https://s3-us-west-1.amazonaws.com/homesnap/exterior/h98.jpg, 98, 1, ''
575, https://s3-us-west-1.amazonaws.com/homesnap/bedroom/b9.jpg, 98, 2, Air-conditioned
576, https://s3-us-west-1.amazonaws.com/homesnap/bedroom/b7.jpg, 98, 3, Comfort at its best
577, https://s3-us-west-1.amazonaws.com/homesnap/kitchen/k6.jpg, 98, 4, Original
578, https://s3-us-west-1.amazonaws.com/homesnap/dining/d6.jpg, 98, 5, Comfort at its best
579, https://s3-us-west-1.amazonaws.com/homesnap/dining/d9.jpg, 98, 6, Brand new !
580, https://s3-us-west-1.amazonaws.com/homesnap/outer/o2.jpg, 98, 7, New fixtures !
581, https://s3-us-west-1.amazonaws.com/homesnap/exterior/h99.jpg, 99, 1, ''
582, https://s3-us-west-1.amazonaws.com/homesnap/bedroom/b5.jpg, 99, 2, Pet-friendly ~
583, https://s3-us-west-1.amazonaws.com/homesnap/kitchen/k6.jpg, 99, 3, Bright
584, https://s3-us-west-1.amazonaws.com/homesnap/dining/d9.jpg, 99, 4, New fixtures !
585, https://s3-us-west-1.amazonaws.com/homesnap/dining/d1.jpg, 99, 5, Bright
586, https://s3-us-west-1.amazonaws.com/homesnap/outer/o2.jpg, 99, 6, Tidy ~
587, https://s3-us-west-1.amazonaws.com/homesnap/exterior/h100.jpg, 100, 1, ''
588, https://s3-us-west-1.amazonaws.com/homesnap/bedroom/b5.jpg, 100, 2, Original
589, https://s3-us-west-1.amazonaws.com/homesnap/kitchen/k2.jpg, 100, 3, Brand new !
590, https://s3-us-west-1.amazonaws.com/homesnap/dining/d8.jpg, 100, 4, Spacious ~~
591, https://s3-us-west-1.amazonaws.com/homesnap/outer/o4.jpg, 100, 5, Tidy ~
